[
  {
    "name": "Auto-Update WebUI",
    "arg": "git-UI",
    "Description": "Updates the WebUI at launch",
    "type": "git"
  },
  {
    "name": "Auto-Update Extensions",
    "arg": "git-Ext",
    "Description": "Updates the Extensions at launch",
    "type": "git"
  },
  {
    "name": "Clear All Generations",
    "arg": "git-ClearOutputs",
    "Description": "Clear all generated images at launch",
    "type": "git"
  },
  {
    "name": "Low VRAM (medvram)",
    "arg": "medvram",
    "Description": "Allows cards with low VRAM (<8G) to work",
    "type": "arg"
  },
  {
    "name": "Enable Xformers",
    "arg": "xformers",
    "Description": "Great speed up for most graphics cards",
    "type": "arg"
  },
  {
    "name": "Checkpoint Folder",
    "arg": "ckpt-dir",
    "Description": "(Optional) Where your .ckpt files are stored",
    "type": "path"
  },
  {
    "name": "Default VAE File",
    "arg": "vae-path",
    "Description": "(Optional) The VAE file you want to use",
    "type": "path"
  },
  {
    "name": "Additional Arguments",
    "arg": "add",
    "Description": "(Optional) Additional arguments",
    "type": "string"
  }
]